{
  "model": "m2_svm_v1",
  "type": "LinearSVC + Platt sur embeddings text Arctic",
  "perimeter": [
    "Electronics",
    "Cell_Phones_and_Accessories",
    "Video_Games",
    "Tools_and_Home_Improvement"
  ],
  "n_train": 500000,
  "n_train_sample_size": 500000,
  "n_val": 676435,
  "n_test": 676441,
  "embed_dim": 1024,
  "hyperparams": {
    "C": 1.0,
    "class_weight": "balanced",
    "calibration_cv": 3,
    "train_sample_size": 500000,
    "seed": 42
  },
  "duration_train_sec": 924.0,
  "results": {
    "val": {
      "f1_weighted": 0.9309002342289647,
      "f1_macro": 0.9195839360193496,
      "accuracy": 0.9310000221750796,
      "top_1_accuracy": 0.9310000221750796,
      "top_3_accuracy": 0.9975903080118563,
      "ece": 0.0141,
      "per_class_f1": {
        "Cell_Phones_and_Accessories": 0.9333,
        "Electronics": 0.9122,
        "Tools_and_Home_Improvement": 0.9541,
        "Video_Games": 0.8788
      },
      "duration_eval_sec": 21.64
    },
    "test": {
      "f1_weighted": 0.9311306206077702,
      "f1_macro": 0.9192894256668829,
      "accuracy": 0.931226818007779,
      "top_1_accuracy": 0.931226818007779,
      "top_3_accuracy": 0.9976819855685862,
      "ece": 0.0145,
      "per_class_f1": {
        "Cell_Phones_and_Accessories": 0.9341,
        "Electronics": 0.9123,
        "Tools_and_Home_Improvement": 0.9542,
        "Video_Games": 0.8766
      },
      "duration_eval_sec": 21.84
    }
  }
}