{
  "model": "m2_svm_v1",
  "type": "LinearSVC + Platt sur embeddings text Arctic",
  "perimeter": [
    "Electronics",
    "Cell_Phones_and_Accessories",
    "Video_Games",
    "Tools_and_Home_Improvement"
  ],
  "n_train": 500000,
  "n_train_sample_size": 500000,
  "n_val": 676435,
  "n_test": 676441,
  "embed_dim": 1024,
  "hyperparams": {
    "C": 1.0,
    "class_weight": "balanced",
    "calibration_cv": 3,
    "train_sample_size": 500000,
    "seed": 42
  },
  "duration_train_sec": 648.8,
  "results": {
    "val": {
      "f1_weighted": 0.9309047116019499,
      "f1_macro": 0.9195986365497084,
      "accuracy": 0.9310044571910088,
      "top_1_accuracy": 0.9310044571910088,
      "top_3_accuracy": 0.9975932646891423,
      "ece": 0.0141,
      "per_class_f1": {
        "Cell_Phones_and_Accessories": 0.9333,
        "Electronics": 0.9122,
        "Tools_and_Home_Improvement": 0.9541,
        "Video_Games": 0.8788
      },
      "duration_eval_sec": 25.65
    },
    "test": {
      "f1_weighted": 0.9311363207013718,
      "f1_macro": 0.9192936493443593,
      "accuracy": 0.9312327313098999,
      "top_1_accuracy": 0.9312327313098999,
      "top_3_accuracy": 0.9976805072430559,
      "ece": 0.0145,
      "per_class_f1": {
        "Cell_Phones_and_Accessories": 0.9341,
        "Electronics": 0.9123,
        "Tools_and_Home_Improvement": 0.9542,
        "Video_Games": 0.8766
      },
      "duration_eval_sec": 23.88
    }
  }
}