{
  "model": "m4_mlp_v1",
  "type": "MLP head 1024→512→256→C",
  "perimeter": [
    "Electronics",
    "Cell_Phones_and_Accessories",
    "Video_Games",
    "Tools_and_Home_Improvement"
  ],
  "n_train": 500000,
  "n_val": 676435,
  "n_test": 676441,
  "embed_dim": 1024,
  "hyperparams": {
    "hidden_layer_sizes": [
      512,
      256
    ],
    "batch_size": 256,
    "max_iter": 30,
    "early_stopping": true,
    "train_sample_size": 500000,
    "seed": 42
  },
  "duration_train_sec": 513.9,
  "n_iter_actual": 7,
  "results": {
    "val": {
      "f1_weighted": 0.9484990039364334,
      "f1_macro": 0.9378348816391615,
      "accuracy": 0.9485005950313038,
      "top_1_accuracy": 0.9485005950313038,
      "top_3_accuracy": 0.9988808976472241,
      "ece": 0.0017,
      "per_class_f1": {
        "Cell_Phones_and_Accessories": 0.9455,
        "Electronics": 0.9346,
        "Tools_and_Home_Improvement": 0.9708,
        "Video_Games": 0.9005
      },
      "duration_eval_sec": 19.4
    },
    "test": {
      "f1_weighted": 0.9489210770887915,
      "f1_macro": 0.9382429650573698,
      "accuracy": 0.948917939628142,
      "top_1_accuracy": 0.948917939628142,
      "top_3_accuracy": 0.9988690809693677,
      "ece": 0.0013,
      "per_class_f1": {
        "Cell_Phones_and_Accessories": 0.9463,
        "Electronics": 0.9351,
        "Tools_and_Home_Improvement": 0.9707,
        "Video_Games": 0.9008
      },
      "duration_eval_sec": 18.88
    }
  }
}