{
  "model": "m5_tfidf_linsvc_v1",
  "type": "TF-IDF + LinearSVC + Platt",
  "perimeter": [
    "Electronics",
    "Cell_Phones_and_Accessories",
    "Video_Games",
    "Tools_and_Home_Improvement"
  ],
  "n_train": 3156705,
  "n_val": 676435,
  "n_test": 676441,
  "hyperparams": {
    "max_features": 50000,
    "ngram_range": [
      1,
      2
    ],
    "C": 1.0,
    "class_weight": "balanced",
    "calibration_cv": 3,
    "calibration_method": "sigmoid",
    "seed": 42
  },
  "duration_train_sec": 1120.7,
  "results": {
    "val": {
      "f1_weighted": 0.9495482878987569,
      "f1_macro": 0.9369996823597222,
      "accuracy": 0.9496034356590064,
      "top_1_accuracy": 0.9496034356590064,
      "top_3_accuracy": 0.998475832859033,
      "ece": 0.0086,
      "per_class_f1": {
        "Cell_Phones_and_Accessories": 0.946,
        "Electronics": 0.9361,
        "Tools_and_Home_Improvement": 0.9726,
        "Video_Games": 0.8933
      },
      "duration_eval_sec": 110.04
    },
    "test": {
      "f1_weighted": 0.9502795066339484,
      "f1_macro": 0.9374474556812445,
      "accuracy": 0.9503326971605801,
      "top_1_accuracy": 0.9503326971605801,
      "top_3_accuracy": 0.9984551498209009,
      "ece": 0.0091,
      "per_class_f1": {
        "Cell_Phones_and_Accessories": 0.9473,
        "Electronics": 0.9371,
        "Tools_and_Home_Improvement": 0.9727,
        "Video_Games": 0.8928
      },
      "duration_eval_sec": 106.25
    }
  }
}