{
  "model": "m5_tfidf_linsvc_v1",
  "type": "TF-IDF + LinearSVC + Platt",
  "perimeter": [
    "Electronics",
    "Cell_Phones_and_Accessories",
    "Video_Games",
    "Tools_and_Home_Improvement"
  ],
  "n_train": 3156705,
  "n_val": 676435,
  "n_test": 676441,
  "hyperparams": {
    "max_features": 50000,
    "ngram_range": [
      1,
      2
    ],
    "C": 1.0,
    "class_weight": "balanced",
    "calibration_cv": 3,
    "calibration_method": "sigmoid",
    "seed": 42
  },
  "duration_train_sec": 797.7,
  "results": {
    "val": {
      "f1_weighted": 0.9495733241849191,
      "f1_macro": 0.9370568045426679,
      "accuracy": 0.9496285674159379,
      "top_1_accuracy": 0.9496285674159379,
      "top_3_accuracy": 0.998472876181747,
      "ece": 0.0086,
      "per_class_f1": {
        "Cell_Phones_and_Accessories": 0.946,
        "Electronics": 0.9362,
        "Tools_and_Home_Improvement": 0.9726,
        "Video_Games": 0.8935
      },
      "duration_eval_sec": 103.99
    },
    "test": {
      "f1_weighted": 0.9502590679409848,
      "f1_macro": 0.9374511392371231,
      "accuracy": 0.9503120006031568,
      "top_1_accuracy": 0.9503120006031568,
      "top_3_accuracy": 0.9984581064719613,
      "ece": 0.0092,
      "per_class_f1": {
        "Cell_Phones_and_Accessories": 0.9472,
        "Electronics": 0.9371,
        "Tools_and_Home_Improvement": 0.9727,
        "Video_Games": 0.8928
      },
      "duration_eval_sec": 105.21
    }
  }
}