{
  "model": "m6_fusion_v1",
  "type": "Fusion adaptive",
  "perimeter": [
    "Electronics",
    "Cell_Phones_and_Accessories",
    "Video_Games",
    "Tools_and_Home_Improvement"
  ],
  "fusion_models": [
    "m2_svm_v1",
    "m4_mlp_v1",
    "m5_tfidf_linsvc_v1"
  ],
  "alphas_optimal": {
    "m2_svm_v1": 0.3333333333333333,
    "m4_mlp_v1": 0.3333333333333333,
    "m5_tfidf_linsvc_v1": 0.3333333333333333
  },
  "n_combos_tested": 0,
  "best_f1_val_acc_proxy": -1.0,
  "results": {
    "val": {
      "f1_weighted": 0.9514306878546437,
      "f1_macro": 0.941313802516434,
      "accuracy": 0.9514750123810861,
      "top_1_accuracy": 0.9514750123810861,
      "top_3_accuracy": 0.999009513109168,
      "ece": 0.0222,
      "per_class_f1": {
        "Cell_Phones_and_Accessories": 0.9478,
        "Electronics": 0.9387,
        "Tools_and_Home_Improvement": 0.9728,
        "Video_Games": 0.906
      }
    },
    "test": {
      "f1_weighted": 0.9521903879197966,
      "f1_macro": 0.9418089035645006,
      "accuracy": 0.9522279104903458,
      "top_1_accuracy": 0.9522279104903458,
      "top_3_accuracy": 0.998982912035196,
      "ece": 0.023,
      "per_class_f1": {
        "Cell_Phones_and_Accessories": 0.949,
        "Electronics": 0.9396,
        "Tools_and_Home_Improvement": 0.9731,
        "Video_Games": 0.9056
      }
    }
  }
}