{
  "model": "m6_fusion_v1",
  "type": "Fusion adaptive",
  "perimeter": [
    "Electronics",
    "Cell_Phones_and_Accessories",
    "Video_Games",
    "Tools_and_Home_Improvement"
  ],
  "fusion_models": [
    "m2_svm_v1",
    "m4_mlp_v1",
    "m5_tfidf_linsvc_v1"
  ],
  "alphas_optimal": {
    "m2_svm_v1": 0.3333333333333333,
    "m4_mlp_v1": 0.3333333333333333,
    "m5_tfidf_linsvc_v1": 0.3333333333333333
  },
  "n_combos_tested": 0,
  "best_f1_val_acc_proxy": -1.0,
  "results": {
    "val": {
      "f1_weighted": 0.9513213463462544,
      "f1_macro": 0.9413540415598926,
      "accuracy": 0.9513715286760738,
      "top_1_accuracy": 0.9513715286760738,
      "top_3_accuracy": 0.9990050780932388,
      "ece": 0.0221,
      "per_class_f1": {
        "Cell_Phones_and_Accessories": 0.9477,
        "Electronics": 0.9385,
        "Tools_and_Home_Improvement": 0.9727,
        "Video_Games": 0.9066
      }
    },
    "test": {
      "f1_weighted": 0.9521515485114916,
      "f1_macro": 0.9417668394498759,
      "accuracy": 0.95219243067762,
      "top_1_accuracy": 0.95219243067762,
      "top_3_accuracy": 0.998982912035196,
      "ece": 0.023,
      "per_class_f1": {
        "Cell_Phones_and_Accessories": 0.949,
        "Electronics": 0.9396,
        "Tools_and_Home_Improvement": 0.973,
        "Video_Games": 0.9055
      }
    }
  }
}